Name,Type,RA,Dec,Const,MajAx,MinAx,V-Mag,M,NGC,IC,Common names,Name catalog,Name number (with zeros),Name normalized,IC name,M name,Name number,Catalog,Name_MIKE,Name (no leading zero),Name (final),NGC/ID,Type_MIKE,Common Name,Mag,RA_MIKE,Dec_MIKE,Width ('),Height ('),IC_MIKE,IC name_MIKE,NGC_MIKE,NGC name,mike,Notes
IC0341,Neb,03:40:55.69,+21:57:36.7,Tau,134.9,,,,,,,IC,0341,IC 341,IC 341,,341,,,,,,,,,,,,,,,,,,large_dso
IC0342,G,03:46:48.50,+68:05:46.9,Cam,19.77,18.79,,,,,,IC,0342,IC 342,IC 342,,342,Caldwell,C 005,C 5,C 5,I342,Sp,,9.2,03:46:48,68.1,18.0,17.0,342,IC 342,,,True,large_dso
IC0349,RfN,03:46:20.11,+23:56:23.3,Tau,25.7,,,,,,Barnard's Merope Nebula,IC,0349,IC 349,IC 349,,349,,,,,,,,,,,,,,,,,,large_dso
IC0353,Neb,03:53:01.07,+25:50:52.8,Tau,181.97,30.2,,,,,,IC,0353,IC 353,IC 353,,353,IC,IC  353,IC 353,IC 353,I 353,Nb,,,03:55:00,25.48,180.0,180.0, 353,IC 353,,,True,large_dso
IC0354,Neb,03:53:57.91,+23:08:49.2,Tau,128.82,,,,,,,IC,0354,IC 354,IC 354,,354,,,,,,,,,,,,,,,,,,large_dso
IC0359A,RfN,04:18:41.00,+28:17:24.0,Tau,15.0,10.0,,,,,,IC,0359A,IC 359A,IC 359A,,359,,,,,,,,,,,,,,,,,,large_dso
IC0360,Neb,04:09:02.57,+26:07:52.3,Tau,180.0,100.0,,,,,,IC,0360,IC 360,IC 360,,360,IC,IC  360,IC 360,IC 360,I 360,Nb,,,04:13:00,25.63,180.0,180.0, 360,IC 360,,,True,large_dso
IC0405,Neb,05:16:29.48,+34:21:22.2,Aur,50.0,30.0,,,,,Flaming Star Nebula,IC,0405,IC 405,IC 405,,405,Caldwell,C 031,C 31,C 31,I405,Bn,Flaming Star Nebula,6,05:16:12,34.27,30.0,19.0,405,IC 405,,,True,large_dso
IC0405,Neb,05:16:29.48,+34:21:22.2,Aur,50.0,30.0,,,,,Flaming Star Nebula,IC,0405,IC 405,IC 405,,405,IC,IC  405,IC 405,IC 405 = C 31,I 405,Nb,Flaming Star nebula,,05:16:12,34.27,30.0,30.0, 405,IC 405,,,True,large_dso
IC0410,Neb,05:22:42.00,+33:22:00.0,Aur,40.0,30.0,,,,,,IC,0410,IC 410,IC 410,,410,IC,IC  410,IC 410,IC 410,I 410,C+N,,,05:22:36,33.52,40.0,40.0, 410,IC 410,,,True,large_dso
IC0434,HII,05:41:00.88,-02:27:13.6,Ori,90.0,30.0,,,,,"Flame Nebula,Orion B",IC,0434,IC 434,IC 434,,434,IC,IC  434,IC 434,IC 434,I 434,Nb,Horsehead nebula,,05:41:00,-1.6,60.0,60.0, 434,IC 434,,,True,large_dso
IC0443,SNR,06:16:37.41,+22:31:54.0,Gem,50.0,40.0,,,,,Gem A,IC,0443,IC 443,IC 443,,443,IC,IC  443,IC 443,IC 443,I 443,Nb,,,06:16:54,22.78,50.0,50.0, 443,IC 443,,,True,large_dso
IC0447,HII,06:31:00.32,+09:53:50.8,Mon,25.0,20.0,,,,2169,,IC,0447,IC 447,IC 447,,447,IC,IC 2169,IC 447,IC 2169,I0447,Nb,,,06:31:12,9.9,25.0,25.0,0447,IC 0447,,,True,large_dso
IC0448,HII,06:32:45.34,+07:23:19.1,Mon,15.0,10.0,,,,,,IC,0448,IC 448,IC 448,,448,,,,,,,,,,,,,,,,,,large_dso
IC0468,Other,07:17:19.00,-13:13:07.3,CMa,,,,,,,,IC,0468,IC 468,IC 468,,468,IC,IC  468,IC 468,IC 468,I 468,Nb,,,07:17:30,-12.85,20.0,20.0, 468,IC 468,,,True,large_dso
IC1274,HII,18:09:51.03,-23:38:53.6,Sgr,20.0,5.0,,,,,,IC,1274,IC 1274,IC 1274,,1274,,,,,,,,,,,,,,,,,,large_dso
IC1283,HII,18:17:16.85,-19:45:44.0,Sgr,15.0,15.0,,,,,,IC,1283,IC 1283,IC 1283,,1283,,,,,,,,,,,,,,,,,,large_dso
IC1284,Neb,18:17:39.63,-19:40:19.3,Sgr,16.98,15.14,,,,,,IC,1284,IC 1284,IC 1284,,1284,,,,,,,,,,,,,,,,,,large_dso
IC1287,RfN,18:31:25.69,-10:47:44.9,Sct,20.0,10.0,,,,,,IC,1287,IC 1287,IC 1287,,1287,IC,IC 1287,IC 1287,IC 1287,I1287,Nb,,,18:31:18,-9.17,44.0,44.0,1287,IC 1287,,,True,large_dso
IC1310,Cl+N,20:10:00.98,+34:58:08.0,Cyg,15.0,3.0,,,,,,IC,1310,IC 1310,IC 1310,,1310,,,,,,,,,,,,,,,,,,large_dso
IC1340,SNR,20:56:08.25,+31:02:52.3,Cyg,25.12,19.95,,,,,,IC,1340,IC 1340,IC 1340,,1340,IC,IC 1340,IC 1340,,I1340,Nb,,,20:56:12,31.07,25.0,25.0,1340,IC 1340,,,True,large_dso
IC1396,Cl+N,21:38:57.62,+57:29:20.6,Cep,14.0,4.0,,,,,,IC,1396,IC 1396,IC 1396,,1396,IC,IC 1396,IC 1396,IC 1396,I1396,C+N,,3,21:39:06,57.5,170.0,170.0,1396,IC 1396,,,True,large_dso
IC1613,G,01:04:47.79,+02:07:04.0,Cet,18.32,17.14,9.54,,,,,IC,1613,IC 1613,IC 1613,,1613,,,,,,,,,,,,,,,,,,large_dso
IC1795,HII,02:26:31.96,+62:02:29.9,Cas,12.0,12.0,,,,,,IC,1795,IC 1795,IC 1795,,1795,IC,IC 1795,IC 1795,IC 1795,I1795,Nb,,,02:26:30,62.07,20.0,20.0,1795,IC 1795,,,True,large_dso
IC1805,Cl+N,02:32:41.51,+61:27:24.8,Cas,60.0,60.0,6.5,,,,,IC,1805,IC 1805,IC 1805,,1805,IC,IC 1805,IC 1805,IC 1805,I1805,C+N,,6,02:32:42,61.45,60.0,60.0,1805,IC 1805,,,True,large_dso
IC1831,Neb,02:43:56.40,+62:24:41.9,Cas,120.23,,,,,,,IC,1831,IC 1831,IC 1831,,1831,,,,,,,,,,,,,,,,,,large_dso
IC1848,Cl+N,02:51:10.59,+60:24:08.9,Cas,40.0,10.0,6.5,,,,,IC,1848,IC 1848,IC 1848,,1848,IC,IC 1848,IC 1848,IC 1848,I1848,C+N,,6,02:51:12,60.43,60.0,60.0,1848,IC 1848,,,True,large_dso
IC2177,RfN,07:04:36.91,-10:28:15.8,Mon,20.0,20.0,,,,,,IC,2177,IC 2177,IC 2177,,2177,IC,IC 2177,IC 2177,IC 2177,I2177,Nb,,,07:05:06,-9.3,120.0,120.0,2177,IC 2177,,,True,large_dso
IC2391,OCl,08:40:31.88,-53:02:07.7,Vel,29.1,,2.5,,,,omi Vel Cluster,IC,2391,IC 2391,IC 2391,,2391,Caldwell,C 085,C 85,C 85,I2391,Oc,Omicron Vel Cluster,2.5,08:40:12,-53.07,50.0,50.0,2391,IC 2391,,,True,large_dso
IC2391,OCl,08:40:31.88,-53:02:07.7,Vel,29.1,,2.5,,,,omi Vel Cluster,IC,2391,IC 2391,IC 2391,,2391,IC,IC 2391,IC 2391,IC 2391 = C 85,I2391,OC,,2,08:40:12,-52.93,50.0,50.0,2391,IC 2391,,,True,large_dso
IC2599,HII,10:37:27.09,-58:44:00.2,Car,20.0,20.0,,,,,,IC,2599,IC 2599,IC 2599,,2599,,,,,,,,,,,,,,,,,,large_dso
IC2602,OCl,10:42:57.47,-64:23:39.1,Car,48.0,,,,,,tet Car Cluster,IC,2602,IC 2602,IC 2602,,2602,Caldwell,C 102,C 102,C 102,I2602,Oc,Theta Car Cluster,1.9,10:43:12,-64.4,50.0,50.0,2602,IC 2602,,,True,large_dso
IC2602,OCl,10:42:57.47,-64:23:39.1,Car,48.0,,,,,,tet Car Cluster,IC,2602,IC 2602,IC 2602,,2602,IC,IC 2602,IC 2602,IC 2602  = C 102,I2602,OC,Southern Pleiades,1,10:43:12,-63.6,50.0,50.0,2602,IC 2602,,,True,large_dso
IC2872,Neb,11:28:08.03,-62:59:20.2,Cen,15.14,6.03,,,,,,IC,2872,IC 2872,IC 2872,,2872,,,,,,,,,,,,,,,,,,large_dso
IC2944,Cl+N,11:35:46.93,-63:01:11.4,Cen,7.2,,,,,,lam Cen Nebula,IC,2944,IC 2944,IC 2944,,2944,IC,IC 2944,IC 2944,IC 2944 = C 100,I2944,C+N,lambda Cen nebula,4,11:36:36,-62.97,75.0,75.0,2944,IC 2944,,,True,large_dso
IC2948,Cl+N,11:39:05.94,-63:26:37.9,Cen,6.0,,,,,,,IC,2948,IC 2948,IC 2948,,2948,IC,IC 2948,IC 2948,IC 2948,I2948,Nb,lambda Cen nebula,,11:38:48,-62.47,60.0,60.0,2948,IC 2948,,,True,large_dso
IC4592,RfN,16:11:58.67,-19:27:16.8,Sco,60.0,40.0,,,,,,IC,4592,IC 4592,IC 4592,,4592,IC,IC 4592,IC 4592,IC 4592,I4592,Nb,,,16:12:00,-18.53,150.0,150.0,4592,IC 4592,,,True,large_dso
IC4601,Neb,16:20:17.80,-20:05:14.3,Sco,20.0,10.0,,,,,,IC,4601,IC 4601,IC 4601,,4601,IC,IC 4601,IC 4601,IC 4601,I4601,Nb,,,16:20:00,-19.97,20.0,20.0,4601,IC 4601,,,True,large_dso
IC4603,Neb,16:25:24.48,-24:28:06.1,Oph,20.0,5.0,,,,,,IC,4603,IC 4603,IC 4603,,4603,IC,IC 4603,IC 4603,IC 4603,I4603,Nb,,,16:25:36,-23.53,20.0,20.0,4603,IC 4603,,,True,large_dso
IC4604,Neb,16:25:31.17,-23:26:11.7,Oph,60.0,25.0,,,,,rho Oph Nebula,IC,4604,IC 4604,IC 4604,,4604,IC,IC 4604,IC 4604,IC 4604,I4604,Nb,rho Oph nebula,,16:25:36,-22.57,60.0,60.0,4604,IC 4604,,,True,large_dso
IC4605,Neb,16:30:12.48,-25:06:54.6,Sco,30.0,15.0,,,,,,IC,4605,IC 4605,IC 4605,,4605,IC,IC 4605,IC 4605,IC 4605,I4605,Nb,,,16:30:12,-24.9,30.0,30.0,4605,IC 4605,,,True,large_dso
IC4628,Neb,16:56:58.43,-40:27:03.5,Sco,89.13,58.88,,,,,,IC,4628,IC 4628,IC 4628,,4628,IC,IC 4628,IC 4628,IC 4628,I4628,Nb,,,16:57:00,-39.67,90.0,90.0,4628,IC 4628,,,True,large_dso
IC4665,OCl,17:46:27.18,+05:38:55.4,Oph,24.6,,4.2,,,,,IC,4665,IC 4665,IC 4665,,4665,IC,IC 4665,IC 4665,IC 4665,I4665,OC,,4,17:46:18,5.72,41.0,41.0,4665,IC 4665,,,True,large_dso
IC4685,Neb,18:09:17.50,-23:59:14.1,Sgr,15.0,10.0,,,,,,IC,4685,IC 4685,IC 4685,,4685,,,,,,,,,,,,,,,,,,large_dso
IC4701,Neb,18:16:35.74,-16:38:53.8,Sgr,60.0,40.0,,,,,,IC,4701,IC 4701,IC 4701,,4701,IC,IC 4701,IC 4701,IC 4701,I4701,Nb,,,18:16:30,-15.27,60.0,60.0,4701,IC 4701,,,True,large_dso
IC4715,*Ass,18:16:56.12,-18:30:52.4,Sgr,120.0,60.0,4.5,24,,,Small Sgr Star Cloud,M,4715,M 24,IC 4715,,24,IC,IC 4715,IC 4715,IC 4715 = M 24,I4715,C+N,,,18:26:12,-17.57,30.0,30.0,4715,IC 4715,,,True,large_dso
IC4715,*Ass,18:16:56.12,-18:30:52.4,Sgr,120.0,60.0,4.5,24,,,Small Sgr Star Cloud,M,4715,M 24,IC 4715,,24,Messier,M 024,M 24,M 24,,MW,Sagittarius Star Cloud,4.6,18:06:54,-18.5,90.0,90.0,,,,,True,large_dso
IC4725,OCl,18:31:46.77,-19:06:53.8,Sgr,14.1,,4.6,25,,,,M,4725,M 25,IC 4725,,25,IC,IC 4725,IC 4725,IC 4725 = M 25,I4725,OC,M  25,4,18:31:36,-18.75,32.0,32.0,4725,IC 4725,,,True,large_dso
IC4725,OCl,18:31:46.77,-19:06:53.8,Sgr,14.1,,4.6,25,,,,M,4725,M 25,IC 4725,,25,Messier,M 025,M 25,M 25,IC4725,Oc,,6.5,18:01:36,-19.25,40.0,40.0,C4725,IC C4725,,,True,large_dso
IC4756,OCl,18:38:51.51,+05:27:43.8,Se2,24.0,,4.6,,,,,IC,4756,IC 4756,IC 4756,,4756,IC,IC 4756,IC 4756,IC 4756,I4756,OC,,5,18:39:00,5.45,52.0,52.0,4756,IC 4756,,,True,large_dso
IC4954,HII,20:04:45.02,+29:15:10.1,Vul,3.0,1.0,,,,,,IC,4954,IC 4954,IC 4954,,4954,IC,IC 4954,IC 4954,IC 4954,I4954,Nb,,,20:04:48,29.25,25.0,25.0,4954,IC 4954,,,True,large_dso
IC5068,HII,20:50:29.76,+42:28:39.7,Cyg,40.0,30.0,,,,,,IC,5068,IC 5068,IC 5068,,5068,IC,IC 5068,IC 5068,IC 5068,I5068,Nb,,,20:50:48,42.52,80.0,80.0,5068,IC 5068,,,True,large_dso
IC5070,HII,20:51:00.72,+44:24:05.4,Cyg,60.0,50.0,,,,,Pelican Nebula,IC,5070,IC 5070,IC 5070,,5070,IC,IC 5070,IC 5070,IC 5070,I5070,Nb,Pelican nebula,,20:50:48,44.35,80.0,80.0,5070,IC 5070,,,True,large_dso
NGC0055,G,00:14:53.60,-39:11:47.9,Scl,29.85,3.05,8.54,,,,,NGC,0055,NGC 55,,,55,Caldwell,C 072,C 72,C 72,55,Sb,,8.2,00:14:54,-39.18,32.0,6.0,,,55,NGC 55,True,large_dso
NGC0104,GCl,00:24:05.36,-72:04:53.2,Tuc,31.8,,4.09,,,,47 Tuc Cluster,NGC,0104,NGC 104,,,104,Caldwell,C 106,C 106,C 106,104,Gc,47 Tucanae,4,00:24:06,-72.08,31.0,31.0,,,104,NGC 104,True,large_dso
NGC0129,OCl,00:29:58.19,+60:12:40.2,Cas,5.4,,6.5,,,,,NGC,0129,NGC 129,,,129,NGC,NGC 129,NGC 129,NGC 129,129,OC,,6,00:29:54,60.23,21.0,21.0,,,129,NGC 129,True,large_dso
NGC0188,OCl,00:47:27.53,+85:16:10.7,Cep,17.7,,8.1,,,,,NGC,0188,NGC 188,,,188,,,,,,,,,,,,,,,,,,large_dso
NGC0205,G,00:40:22.08,+41:41:07.1,And,16.22,9.59,8.15,110,,,,M,0205,M 110,,,110,,,,,,,,,,,,,,,,,,large_dso
NGC0224,G,00:42:44.35,+41:16:08.6,And,177.83,69.66,3.44,31,,,Andromeda Galaxy,M,0224,M 31,,,31,Messier,M 031,M 31,M 31,224,Sp,Andromeda Galaxy,3.4,00:01:48,41.27,178.0,63.0,,,224,NGC 224,True,large_dso
NGC0247,G,00:47:08.55,-20:45:37.4,Cet,19.68,5.55,9.21,,,,,NGC,0247,NGC 247,,,247,Caldwell,C 062,C 62,C 62,247,Sp,,8.9,00:47:06,-20.77,20.0,7.0,,,247,NGC 247,True,large_dso
NGC0281,HII,00:52:59.35,+56:37:18.8,Cas,35.0,30.0,,,,0011,,NGC,0281,NGC 281,,,281,NGC,NGC 281,NGC 281,NGC 281,281,C+N,,7,00:52:48,56.62,35.0,35.0,,,281,NGC 281,True,large_dso
NGC0292,G,00:52:44.78,-72:49:43.0,Tuc,299.92,179.89,2.3,,,,Small Magellanic Cloud,NGC,0292,NGC 292,,,292,,,,,,,,,,,,,,,,,,large_dso
NGC0300,G,00:54:53.48,-37:41:03.8,Scl,19.41,13.06,8.66,,,,,NGC,0300,NGC 300,,,300,Caldwell,C 070,C 70,C 70,300,Sp,,8.1,00:54:54,-37.68,20.0,13.0,,,300,NGC 300,True,large_dso
NGC0598,G,01:33:50.89,+30:39:36.8,Tri,62.09,36.73,5.79,33,,,"Triangulum Galaxy,Triangulum Pinwheel",M,0598,M 33,,,33,Messier,M 033,M 33,M 33,598,Sp,Triangulum Galaxy,5.7,01:03:54,30.65,73.0,45.0,,,598,NGC 598,True,large_dso
NGC0752,OCl,01:57:34.82,+37:50:00.2,And,39.0,,5.7,,,,,NGC,0752,NGC 752,,,752,Caldwell,C 028,C 28,C 28,752,Oc,,5.7,01:57:48,37.68,50.0,50.0,,,752,NGC 752,True,large_dso
NGC0869,OCl,02:18:58.56,+57:07:02.1,Per,14.4,,3.7,,,,h Persei Cluster,NGC,0869,NGC 869,,,869,NGC,NGC 869,NGC 869,NGC 869 = C 14,869,OC,Double cluster,4,02:19:00,57.15,30.0,30.0,,,869,NGC 869,True,large_dso
NGC0884,OCl,02:22:32.10,+57:08:38.8,Per,10.5,,3.8,,,,chi Persei Cluster,NGC,0884,NGC 884,,,884,NGC,NGC 884,NGC 884,NGC 884 / C 14,884,OC,Double cluster,4,02:22:24,57.12,30.0,30.0,,,884,NGC 884,True,large_dso
NGC0896,Neb,02:25:27.82,+62:01:09.7,Cas,10.0,10.0,,,,,,NGC,0896,NGC 896,,,896,NGC,NGC 896,NGC 896,NGC 896,896,Nb,,,02:24:48,61.9,27.0,27.0,,,896,NGC 896,True,large_dso
NGC1027,OCl,02:42:35.06,+61:35:39.7,Cas,7.8,,6.7,,,1824,,NGC,1027,NGC 1027,,,1027,NGC,NGC 1027,NGC 1027,NGC 1027,1027,OC,,6,02:42:42,61.55,20.0,20.0,,,1027,NGC 1027,True,large_dso
NGC1039,OCl,02:42:07.40,+42:44:46.1,Per,22.5,,5.2,34,,,,M,1039,M 34,,,34,Messier,M 034,M 34,M 34,1039,Oc,,5.5,02:02:00,42.78,35.0,35.0,,,1039,NGC 1039,True,large_dso
NGC1333,Cl+N,03:28:55.2,+31:22:12,Per,19.5,,,,,,,NGC,1333,NGC 1333,,,1333,,,,,,,,,,,,,,,,,,large_dso
NGC1432,HII,03:45:49.59,+24:22:04.3,Tau,60.0,40.0,,,,,Maia Nebula,NGC,1432,NGC 1432,,,1432,NGC,NGC 1432,NGC 1432,NGC 1432,1432,Nb,Maia nebula,,03:45:48,24.37,30.0,30.0,,,1432,NGC 1432,True,large_dso
NGC1435,Neb,03:46:10.09,+23:45:53.9,Tau,30.0,30.0,,,,,Merope Nebula,NGC,1435,NGC 1435,,,1435,NGC,NGC 1435,NGC 1435,NGC 1435,1435,Nb,Merope nebula,,03:46:06,23.78,30.0,30.0,,,1435,NGC 1435,True,large_dso
NGC1499,Neb,04:03:14.42,+36:22:02.9,Per,160.0,40.0,,,,,California Nebula,NGC,1499,NGC 1499,,,1499,NGC,NGC 1499,NGC 1499,NGC 1499,1499,Nb,California nebula,,04:00:42,36.62,145.0,145.0,,,1499,NGC 1499,True,large_dso
NGC1502,OCl,04:07:49.30,+62:19:53.5,Cam,10.2,,6.9,,,,,NGC,1502,NGC 1502,,,1502,NGC,NGC 1502,NGC 1502,NGC 1502,1502,Oc,Jolly Roger Cluster,6,04:07:49,62.33,20.0,20.0,,,1502,NGC 1502,True,large_dso
NGC1528,OCl,04:15:18.87,+51:12:41.3,Per,9.6,,6.4,,,,,NGC,1528,NGC 1528,,,1528,NGC,NGC 1528,NGC 1528,NGC 1528,1528,OC,,6,04:15:24,51.23,24.0,24.0,,,1528,NGC 1528,True,large_dso
NGC1545,OCl,04:20:56.26,+50:15:19.2,Per,4.2,,6.2,,,,,NGC,1545,NGC 1545,,,1545,NGC,NGC 1545,NGC 1545,NGC 1545,1545,OC,,6,04:20:54,50.25,18.0,18.0,,,1545,NGC 1545,True,large_dso
NGC1582,OCl,04:31:46.79,+43:47:05.4,Per,7.8,,7.0,,,,,NGC,1582,NGC 1582,,,1582,NGC,NGC 1582,NGC 1582,NGC 1582,1582,OC,,7,04:32:00,43.85,37.0,37.0,,,1582,NGC 1582,True,large_dso
NGC1647,OCl,04:45:55.57,+19:05:42.4,Tau,27.0,,6.4,,,,,NGC,1647,NGC 1647,,,1647,NGC,NGC 1647,NGC 1647,NGC 1647,1647,OC,Pirate Moon Cluster,6,04:46:00,19.07,45.0,45.0,,,1647,NGC 1647,True,large_dso
NGC1662,OCl,04:48:28.95,+10:55:49.4,Ori,13.8,,6.4,,,,,NGC,1662,NGC 1662,,,1662,NGC,NGC 1662,NGC 1662,NGC 1662,1662,OC,,6,04:48:30,10.93,20.0,20.0,,,1662,NGC 1662,True,large_dso
NGC1664,OCl,04:51:05.43,+43:40:34.2,Aur,11.4,,7.6,,,,,NGC,1664,NGC 1664,,,1664,NGC,NGC 1664,NGC 1664,NGC 1664,1664,OC,,7,04:51:06,43.7,18.0,18.0,,,1664,NGC 1664,True,large_dso
NGC1746,OCl,05:03:50.19,+23:46:03.5,Tau,18.0,,6.1,,,,,NGC,1746,NGC 1746,,,1746,NGC,NGC 1746,NGC 1746,NGC 1746,1746,OC,,6,05:03:36,23.82,42.0,42.0,,,1746,NGC 1746,True,large_dso
NGC1763,Cl+N,04:56:49.19,-66:24:32.7,Dor,5.2,3.6,9.4,,,,,NGC,1763,NGC 1763,,,1763,NGC,NGC 1763,NGC 1763,NGC 1763,1763,Nb,,,04:56:48,-65.6,25.0,25.0,,,1763,NGC 1763,True,large_dso
NGC1909,RfN,05:04:55.44,-07:15:56.3,Eri,180.0,60.0,,,,2118,the Witch Head Nebula,NGC,1909,NGC 1909,,,1909,IC,IC 2118,NGC 1909,IC 2118 = NGC 1909,1909,Nb,Witch Head nebula,,05:06:54,-6.78,180.0,180.0,,,1909,NGC 1909,True,large_dso
NGC1912,OCl,05:28:42.49,+35:51:17.7,Aur,9.6,,6.4,38,,,,M,1912,M 38,,,38,Messier,M 038,M 38,M 38,1912,Oc,,7.4,05:08:42,35.83,21.0,21.0,,,1912,NGC 1912,True,large_dso
NGC1976,Cl+N,05:35:16.48,-05:23:22.8,Ori,90.0,60.0,4.0,42,,,"Great Orion Nebula,Orion Nebula",M,1976,M 42,,,42,Messier,M 042,M 42,M 42,1976,Di,Great Nebula in Orion,4,05:05:24,-5.45,85.0,60.0,,,1976,NGC 1976,True,large_dso
NGC1977,Cl+N,05:35:15.80,-04:50:39.6,Ori,10.2,,,,,,the Running Man Nebula,NGC,1977,NGC 1977,,,1977,NGC,NGC 1977,NGC 1977,NGC 1977,1977,Nb,Running Man,,05:35:30,-3.13,20.0,20.0,,,1977,NGC 1977,True,large_dso
NGC1981,Cl+N,05:35:09.59,-04:25:30.2,Ori,9.0,,4.2,,,,Upper Sword,NGC,1981,NGC 1981,,,1981,NGC,NGC 1981,NGC 1981,NGC 1981,1981,OC,,4,05:35:12,-3.57,25.0,25.0,,,1981,NGC 1981,True,large_dso
NGC1982,HII,05:35:31.38,-05:16:02.9,Ori,20.0,15.0,9.0,43,,,Mairan's Nebula,M,1982,M 43,,,43,Messier,M 043,M 43,M 43,1982,Di,De Mairan's Nebula,9,05:05:36,-5.27,20.0,15.0,,,1982,NGC 1982,True,large_dso
NGC2024,Neb,05:41:42.57,-01:51:22.6,Ori,30.0,30.0,,,,,,NGC,2024,NGC 2024,,,2024,NGC,NGC 2024,NGC 2024,NGC 2024,2024,Nb,Flame Nebula,,05:41:54,-0.15,30.0,30.0,,,2024,NGC 2024,True,large_dso
NGC2052,Neb,05:37:11.05,-69:46:27.1,Dor,18.0,12.0,,,,,,NGC,2052,NGC 2052,,,2052,,,,,,,,,,,,,,,,,,large_dso
NGC2070,HII,05:38:42.36,-69:06:03.2,Dor,16.0,16.0,7.25,,,,"30 Dor Cluster,Tarantula Nebula",NGC,2070,NGC 2070,,,2070,Caldwell,C 103,C 103,C 103,2070,Bn,Tarantula Nebula, ,05:38:42,-69.1,40.0,25.0,,,2070,NGC 2070,True,large_dso
NGC2099,OCl,05:52:18.35,+32:33:10.8,Aur,11.4,,5.6,37,,,,M,2099,M 37,,,37,Messier,M 037,M 37,M 37,2099,Oc,,6.2,05:02:24,32.55,24.0,24.0,,,2099,NGC 2099,True,large_dso
NGC2112,OCl,05:53:45.21,+00:24:38.9,Ori,21.0,,9.1,,,,,NGC,2112,NGC 2112,,,2112,,,,,,,,,,,,,,,,,,large_dso
NGC2168,OCl,06:09:05.06,+24:20:19.1,Gem,24.0,,5.1,35,,,,M,2168,M 35,,,35,Messier,M 035,M 35,M 35,2168,Oc,,5.3,06:08:54,24.33,28.0,28.0,,,2168,NGC 2168,True,large_dso
NGC2174,Neb,06:09:23.62,+20:39:34.5,Ori,40.0,30.0,,,,,Monkey Head Nebula,NGC,2174,NGC 2174,,,2174,NGC,NGC 2174,NGC 2174,NGC 2174,2174,Nb,,,06:09:42,20.5,40.0,40.0,,,2174,NGC 2174,True,large_dso
NGC2175,Cl+N,06:09:39.55,+20:29:15.3,Ori,5.4,,6.8,,,,,NGC,2175,NGC 2175,,,2175,NGC,NGC 2175,NGC 2175,NGC 2175,2175,OC,,6,06:09:48,20.32,18.0,18.0,,,2175,NGC 2175,True,large_dso
NGC2232,OCl,06:28:01.13,-04:50:50.8,Mon,9.9,,3.9,,,,,NGC,2232,NGC 2232,,,2232,NGC,NGC 2232,NGC 2232,NGC 2232,2232,OC,,3,06:26:36,-3.25,30.0,30.0,,,2232,NGC 2232,True,large_dso
NGC2237,Neb,06:30:54.61,+05:02:57.0,Mon,80.0,50.0,,,,,Rosette A,NGC,2237,NGC 2237,,,2237,Caldwell,C 049,C 49,C 49,2237,Bn,Rosette Nebula,-,06:32:18,5.05,80.0,60.0,,,2237,NGC 2237,True,large_dso
NGC2238,HII,06:30:40.37,+05:00:47.0,Mon,80.0,60.0,,,,,Rosette Nebula,NGC,2238,NGC 2238,,,2238,,,,,,,,,,,,,,,,,,large_dso
NGC2239,Cl+N,06:31:55.56,+04:56:34.6,Mon,9.3,,4.8,,2244,,,NGC,2239,NGC 2239,,,2239,Caldwell,C 050,C 50,C 50,2239,Oc,,4.8,06:32:24,4.87,24.0,24.0,,,2239,NGC 2239,True,large_dso
NGC2252,OCl,06:34:42.97,+05:21:58.5,Mon,6.6,,7.7,,,,,NGC,2252,NGC 2252,,,2252,NGC,NGC 2252,NGC 2252,NGC 2252,2252,OC,,8,06:35:00,5.38,20.0,20.0,,,2252,NGC 2252,True,large_dso
NGC2264,Cl+N,06:40:58.25,+09:53:43.7,Mon,11.4,,3.9,,,,Christmas Tree Cluster,NGC,2264,NGC 2264,,,2264,NGC,NGC 2264,NGC 2264,NGC 2264,2264,C+N,Christmas Tree cluster,3,06:41:06,9.88,60.0,60.0,,,2264,NGC 2264,True,large_dso
NGC2287,OCl,06:45:59.94,-20:45:15.2,CMa,12.0,,4.5,41,,,,M,2287,M 41,,,41,Messier,M 041,M 41,M 41,2287,Oc,,4.6,06:07:00,-20.73,38.0,38.0,,,2287,NGC 2287,True,large_dso
NGC2331,OCl,07:06:59.83,+27:15:41.7,Gem,4.8,,8.5,,,,,NGC,2331,NGC 2331,,,2331,NGC,NGC 2331,NGC 2331,NGC 2331,2331,OC,,9,07:07:12,27.35,18.0,18.0,,,2331,NGC 2331,True,large_dso
NGC2353,OCl,07:14:30.31,-10:15:57.1,Mon,6.6,,7.1,,,,,NGC,2353,NGC 2353,,,2353,NGC,NGC 2353,NGC 2353,NGC 2353,2353,OC,,7,07:14:36,-9.7,20.0,20.0,,,2353,NGC 2353,True,large_dso
NGC2354,OCl,07:14:05.27,-25:41:20.1,CMa,4.8,,6.5,,,,,NGC,2354,NGC 2354,,,2354,NGC,NGC 2354,NGC 2354,NGC 2354,2354,OC,,6,07:14:18,-24.27,20.0,20.0,,,2354,NGC 2354,True,large_dso
NGC2374,OCl,07:23:56.07,-13:15:48.1,CMa,9.0,,8.0,,,,,NGC,2374,NGC 2374,,,2374,NGC,NGC 2374,NGC 2374,NGC 2374,2374,OC,,8,07:24:00,-12.73,19.0,19.0,,,2374,NGC 2374,True,large_dso
NGC2403,G,07:36:51.40,+65:36:09.2,Cam,19.95,10.07,8.43,,,,,NGC,2403,NGC 2403,,,2403,Caldwell,C 007,C 7,C 7,2403,Sp,,8.9,07:36:54,65.6,18.0,10.0,,,2403,NGC 2403,True,large_dso
NGC2422,OCl,07:36:35.02,-14:28:57.4,Pup,19.8,,4.4,47,2478,,,M,2422,M 47,,,47,Messier,M 047,M 47,M 47,2422,Oc,,5.2,07:06:36,-14.5,30.0,30.0,,,2422,NGC 2422,True,large_dso
NGC2423,OCl,07:37:06.73,-13:52:17.4,Pup,11.7,,6.7,,,,,NGC,2423,NGC 2423,,,2423,NGC,NGC 2423,NGC 2423,NGC 2423,2423,OC,,6,07:37:06,-12.13,19.0,19.0,,,2423,NGC 2423,True,large_dso
NGC2437,OCl,07:41:46.82,-14:48:36.0,Pup,21.0,,6.1,46,,,,M,2437,M 46,,,46,Messier,M 046,M 46,M 46,2437,Oc,,6,07:01:48,-14.82,27.0,27.0,,,2437,NGC 2437,True,large_dso
NGC2447,OCl,07:44:29.23,-23:51:11.1,Pup,15.0,,6.2,93,,,,M,2447,M 93,,,93,Messier,M 093,M 93,M 93,2447,Oc,,6,07:04:36,-23.87,22.0,22.0,,,2447,NGC 2447,True,large_dso
NGC2451,OCl,07:45:15.01,-37:58:02.8,Pup,37.5,,9.5,,,,,NGC,2451,NGC 2451,,,2451,NGC,NGC 2451,NGC 2451,NGC 2451,2451,OC,,2,07:45:24,-36.03,45.0,45.0,,,2451,NGC 2451,True,large_dso
NGC2477,OCl,07:52:09.78,-38:31:59.7,Pup,18.6,,5.8,,,,,NGC,2477,NGC 2477,,,2477,Caldwell,C 071,C 71,C 71,2477,Oc,,5.8,07:52:18,-38.55,27.0,27.0,,,2477,NGC 2477,True,large_dso
NGC2516,OCl,07:58:07.06,-60:45:12.5,Car,24.3,,3.8,,,,,NGC,2516,NGC 2516,,,2516,Caldwell,C 096,C 96,C 96,2516,Oc,,3.8,07:58:18,-60.87,30.0,30.0,,,2516,NGC 2516,True,large_dso
NGC2520,OCl,08:04:58.18,-28:08:48.0,Pup,9.3,,6.5,,2527,,,NGC,2520,NGC 2520,,,2520,NGC,NGC 2527,NGC 2520,NGC 2527,2520,OC,,6,08:05:18,-27.83,22.0,22.0,,,2520,NGC 2520,True,large_dso
NGC2539,OCl,08:10:36.98,-12:49:14.4,Pup,12.3,,6.5,,,,,NGC,2539,NGC 2539,,,2539,NGC,NGC 2539,NGC 2539,NGC 2539,2539,OC,,6,08:10:42,-11.17,22.0,22.0,,,2539,NGC 2539,True,large_dso
NGC2546,OCl,08:12:15.63,-37:35:39.5,Pup,16.5,,6.3,,,,,NGC,2546,NGC 2546,,,2546,NGC,NGC 2546,NGC 2546,NGC 2546,2546,OC,,6,08:12:24,-36.37,41.0,41.0,,,2546,NGC 2546,True,large_dso
NGC2547,OCl,08:10:09.49,-49:12:20.4,Vel,7.8,,4.7,,,,,NGC,2547,NGC 2547,,,2547,NGC,NGC 2547,NGC 2547,NGC 2547,2547,OC,,4,08:10:42,-48.73,20.0,20.0,,,2547,NGC 2547,True,large_dso
NGC2548,OCl,08:13:43.18,-05:45:01.6,Hya,28.2,,5.8,48,,,,M,2548,M 48,,,48,Messier,M 048,M 48,M 48,2548,Oc,,5.5,08:03:48,-5.8,54.0,54.0,,,2548,NGC 2548,True,large_dso
NGC2632,OCl,08:40:22.20,+19:40:19.4,Cnc,108.6,,3.1,44,,,"Beehive,Praesepe Cluster",M,2632,M 44,,,44,Messier,M 044,M 44,M 44,2632,Oc,Beehive Cluster,3.7,08:00:06,19.98,95.0,95.0,,,2632,NGC 2632,True,large_dso
NGC2682,OCl,08:51:20.13,+11:48:43.0,Cnc,33.0,,6.9,67,,,,M,2682,M 67,,,67,Messier,M 067,M 67,M 67,2682,Oc,,6.1,08:00:24,11.82,30.0,30.0,,,2682,NGC 2682,True,large_dso
NGC2682,OCl,08:51:20.13,+11:48:43.0,Cnc,33.0,,6.9,67,,,,M,2682,M 67,,,67,NGC,NGC 2682,NGC 2682,NGC 2682 = M 67,2682,OC,M  67,6,08:50:24,11.82,30.0,30.0,,,2682,NGC 2682,True,large_dso
NGC2736,HII,09:00:16.94,-45:56:53.0,Vel,30.0,7.0,,,,,Pencil Nebula,NGC,2736,NGC 2736,,,2736,,,,,,,,,,,,,,,,,,large_dso
NGC3031,G,09:55:33.17,+69:03:55.1,UMa,21.63,11.25,6.92,81,,,Bode's Galaxy,M,3031,M 81,,,81,Messier,M 081,M 81,M 81,3031,Sp,Bode's Galaxy,6.9,09:05:36,69.07,21.0,10.0,,,3031,NGC 3031,True,large_dso
NGC3114,OCl,10:02:29.57,-60:07:49.9,Car,12.3,,4.2,,,,,NGC,3114,NGC 3114,,,3114,NGC,NGC 3114,NGC 3114,NGC 3114,3114,OC,,4,10:02:42,-59.88,35.0,35.0,,,3114,NGC 3114,True,large_dso
NGC3199,Neb,10:17:24.43,-57:55:20.0,Car,20.0,15.0,,,,,,NGC,3199,NGC 3199,,,3199,NGC,NGC 3199,NGC 3199,NGC 3199,3199,Nb,,,10:17:06,-56.08,22.0,22.0,,,3199,NGC 3199,True,large_dso
NGC3201,GCl,10:17:36.76,-46:24:40.4,Vel,9.6,,8.24,,,,,NGC,3201,NGC 3201,,,3201,Caldwell,C 079,C 79,C 79,3201,Gc,,6.7,10:17:36,-46.42,18.0,18.0,,,3201,NGC 3201,True,large_dso
NGC3228,OCl,10:21:22.24,-51:43:21.3,Vel,6.6,,6.0,,,,,NGC,3228,NGC 3228,,,3228,NGC,NGC 3228,NGC 3228,NGC 3228,3228,OC,,6,10:21:48,-50.28,18.0,18.0,,,3228,NGC 3228,True,large_dso
NGC3242,PN,10:24:46.08,-18:38:32.0,Hya,0.42,,7.7,,,,Jupiter's Ghost Nebula,NGC,3242,NGC 3242,,,3242,NGC,NGC 3242,NGC 3242,NGC 3242 = C 59,3242,Pl,Ghost of Jupiter,9,10:24:48,-17.37,20.8,20.8,,,3242,NGC 3242,True,large_dso
NGC3293,OCl,10:35:48.77,-58:13:28.1,Car,5.1,,4.7,,,,,NGC,3293,NGC 3293,,,3293,NGC,NGC 3293,NGC 3293,NGC 3293,3293,C+N,,4,10:35:48,-57.77,40.0,40.0,,,3293,NGC 3293,True,large_dso
NGC3372,HII,10:45:08.53,-59:52:00.1,Car,120.0,120.0,,,,,"Carina Nebula,eta Car Nebula",NGC,3372,NGC 3372,,,3372,Caldwell,C 092,C 92,C 92,3372,Bn,Eta Carinae Nebula,6.2,10:43:48,-59.87,120.0,120.0,,,3372,NGC 3372,True,large_dso
NGC3532,OCl,11:05:47.82,-58:46:13.8,Car,12.0,,3.0,,,,Wishing Well Cluster,NGC,3532,NGC 3532,,,3532,Caldwell,C 091,C 91,C 91,3532,Oc,,3,11:06:24,-58.67,55.0,55.0,,,3532,NGC 3532,True,large_dso
NGC3572,OCl,11:10:19.20,-60:14:54.1,Car,4.08,,6.6,,,,,NGC,3572,NGC 3572,,,3572,NGC,NGC 3572,NGC 3572,NGC 3572,3572,C+N,,6,11:10:24,-59.77,20.0,20.0,,,3572,NGC 3572,True,large_dso
NGC3576,HII,11:11:31.67,-61:21:46.8,Car,3.0,3.0,,,,,,NGC,3576,NGC 3576,,,3576,NGC,NGC 3576,NGC 3576,NGC 3576,3576,Nb,,,11:11:48,-60.62,20.0,20.0,,,3576,NGC 3576,True,large_dso
NGC3579,Neb,11:11:59.60,-61:14:35.6,Car,20.0,15.0,,,,,,NGC,3579,NGC 3579,,,3579,,,,,,,,,,,,,,,,,,large_dso
NGC4236,G,12:16:42.12,+69:27:45.3,Dra,23.5,6.85,9.77,,,,,NGC,4236,NGC 4236,,,4236,Caldwell,C 003,C 3,C 3,4236,Sb,,9.7,12:16:42,69.47,21.0,7.0,,,4236,NGC 4236,True,large_dso
NGC4258,G,12:18:57.50,+47:18:14.3,CVn,16.98,7.24,9.29,106,,,,M,4258,M 106,,,106,Messier,M 106,M 106,M 106,4258,Sp,,8.4,12:08:54,47.32,19.0,8.0,,,4258,NGC 4258,True,large_dso
NGC4372,GCl,12:25:45.38,-72:39:32.7,Mus,12.0,,9.85,,,,,NGC,4372,NGC 4372,,,4372,Caldwell,C 108,C 108,C 108,4372,Gc,,7.8,12:25:48,-72.67,19.0,19.0,,,4372,NGC 4372,True,large_dso
NGC5045,*Ass,13:16:47.00,-63:25:00.0,Cen,20.0,11.0,,,,,,NGC,5045,NGC 5045,,,5045,,,,,,,,,,,,,,,,,,large_dso
NGC5128,G,13:25:27.62,-43:01:08.8,Cen,25.88,19.77,7.22,,,,Centaurus A,NGC,5128,NGC 5128,,,5128,Caldwell,C 077,C 77,C 77,5128,Px,Centaurus A,7,13:25:30,-43.02,18.0,14.0,,,5128,NGC 5128,True,large_dso
NGC5139,GCl,13:26:45.89,-47:28:36.7,Cen,27.0,,5.33,,,,Omega Centauri,NGC,5139,NGC 5139,,,5139,Caldwell,C 080,C 80,C 80,5139,Gc,Omega Centauri,3.6,13:26:48,-47.48,36.0,36.0,,,5139,NGC 5139,True,large_dso
NGC5272,GCl,13:42:11.23,+28:22:31.6,CVn,16.2,,6.39,3,,,,M,5272,M 3,,,3,,,,,,,,,,,,,,,,,,large_dso
NGC5299,OCl,13:50:26.26,-59:56:51.8,Cen,4.2,,,,,,,NGC,5299,NGC 5299,,,5299,NGC,NGC 5299,NGC 5299,NGC 5299,5299,Ast,,,13:50:24,-58.07,30.0,30.0,,,5299,NGC 5299,True,large_dso
NGC5457,G,14:03:12.54,+54:20:56.2,UMa,23.99,23.07,7.9,101,,,,M,5457,M 101,,,101,Messier,M 101,M 101,M 101,5457,Sp,Pinwheel Galaxy,7.9,14:03:12,54.35,22.0,22.0,,,5457,NGC 5457,True,large_dso
NGC5460,OCl,14:07:27.81,-48:20:33.1,Cen,13.2,,5.6,,,,,NGC,5460,NGC 5460,,,5460,NGC,NGC 5460,NGC 5460,NGC 5460,5460,OC,,5,14:07:36,-47.68,25.0,25.0,,,5460,NGC 5460,True,large_dso
NGC5822,OCl,15:04:21.25,-54:23:47.1,Lup,18.0,,6.5,,,,,NGC,5822,NGC 5822,,,5822,NGC,NGC 5822,NGC 5822,NGC 5822,5822,OC,,7,15:05:12,-53.65,40.0,40.0,,,5822,NGC 5822,True,large_dso
NGC5904,GCl,15:18:33.75,+02:04:57.7,Se1,15.0,,5.95,5,,,,M,5904,M 5,,,5,,,,,,,,,,,,,,,,,,large_dso
NGC6121,GCl,16:23:35.40,-26:31:31.9,Sco,28.2,,5.4,4,,,,M,6121,M 4,,,4,Messier,M 004,M 4,M 4,6121,Gc,,5.6,16:03:36,-26.53,26.3,26.3,,,6121,NGC 6121,True,large_dso
NGC6124,OCl,16:25:20.06,-40:39:13.3,Sco,13.5,,5.8,,,,,NGC,6124,NGC 6124,,,6124,Caldwell,C 075,C 75,C 75,6124,Oc,,5.8,16:25:36,-40.67,29.0,29.0,,,6124,NGC 6124,True,large_dso
NGC6152,OCl,16:32:45.62,-52:38:38.4,Nor,6.6,,8.1,,,,,NGC,6152,NGC 6152,,,6152,NGC,NGC 6152,NGC 6152,NGC 6152,6152,OC,,8,16:32:42,-51.38,30.0,30.0,,,6152,NGC 6152,True,large_dso
NGC6188,Neb,16:40:05.84,-48:39:44.2,Ara,20.0,12.0,,,,,Rim Nebula,NGC,6188,NGC 6188,,,6188,NGC,NGC 6188,NGC 6188,NGC 6188,6188,Nb,,,16:40:30,-47.22,20.0,20.0,,,6188,NGC 6188,True,large_dso
NGC6205,GCl,16:41:41.63,+36:27:40.7,Her,16.5,,5.8,13,,,Hercules Globular Cluster,M,6205,M 13,,,13,Messier,M 013,M 13,M 13,6205,Gc,Great Hercules Globular,5.8,16:01:42,36.47,16.6,16.6,,,6205,NGC 6205,True,large_dso
NGC6281,OCl,17:04:41.30,-37:59:06.8,Sco,10.2,,5.4,,,,,NGC,6281,NGC 6281,,,6281,NGC,NGC 6281,NGC 6281,NGC 6281,6281,C+N,,5,17:04:48,-36.1,60.0,60.0,,,6281,NGC 6281,True,large_dso
NGC6334,SNR,17:20:49.70,-36:06:09.8,Sco,8.4,,,,,,,NGC,6334,NGC 6334,,,6334,NGC,NGC 6334,NGC 6334,NGC 6334,6334,Nb,,,17:20:30,-34.28,40.0,40.0,,,6334,NGC 6334,True,large_dso
NGC6357,Cl+N,17:24:43.57,-34:12:04.8,Sco,3.9,,,,,,the War and Peace Nebula,NGC,6357,NGC 6357,,,6357,NGC,NGC 6357,NGC 6357,NGC 6357,6357,Nb,,,17:24:36,-33.83,50.0,50.0,,,6357,NGC 6357,True,large_dso
NGC6374,OCl,17:34:42.54,-32:34:52.9,Sco,6.9,,5.5,,6383,,,NGC,6374,NGC 6374,,,6374,NGC,NGC 6383,NGC 6374,NGC 6383,6374,C+N,,5,17:34:48,-31.43,80.0,80.0,,,6374,NGC 6374,True,large_dso
NGC6397,GCl,17:40:41.36,-53:40:25.3,Ara,15.3,,5.17,,,,,NGC,6397,NGC 6397,,,6397,Caldwell,C 086,C 86,C 86,6397,Gc,,5.6,17:40:42,-53.67,26.0,26.0,,,6397,NGC 6397,True,large_dso
NGC6405,OCl,17:40:20.75,-32:15:15.0,Sco,15.6,,4.2,6,,,Butterfly Cluster,M,6405,M 6,,,6,Messier,M 006,M 6,M 6,6405,Oc,Butterfly Cluster,4.2,17:00:06,-32.22,25.0,25.0,,,6405,NGC 6405,True,large_dso
NGC6416,OCl,17:44:19.99,-32:21:39.6,Sco,6.9,,,,,,,NGC,6416,NGC 6416,,,6416,NGC,NGC 6416,NGC 6416,NGC 6416,6416,OC,,5,17:44:24,-31.65,18.0,18.0,,,6416,NGC 6416,True,large_dso
NGC6475,OCl,17:53:51.18,-34:47:34.2,Sco,22.2,,3.3,7,,,Ptolemy's Cluster,M,6475,M 7,,,7,Messier,M 007,M 7,M 7,6475,Oc,Ptolemy's Cluster,3.3,17:03:54,-34.82,80.0,80.0,,,6475,NGC 6475,True,large_dso
NGC6494,OCl,17:57:04.77,-18:59:07.2,Sgr,16.8,,5.5,23,,,,M,6494,M 23,,,23,Messier,M 023,M 23,M 23,6494,Oc,,6.9,17:06:48,-19.02,27.0,27.0,,,6494,NGC 6494,True,large_dso
NGC6514,Neb,18:02:42.11,-22:58:18.8,Sgr,28.0,28.0,8.5,20,,,Trifid Nebula,M,6514,M 20,,,20,Messier,M 020,M 20,M 20,6514,Di,Trifid Nebula,9,18:02:36,-23.03,28.0,28.0,,,6514,NGC 6514,True,large_dso
NGC6523,Neb,18:03:41.27,-24:22:48.6,Sgr,45.0,30.0,5.8,8,6533,,Lagoon Nebula,M,6523,M 8,,,8,Messier,M 008,M 8,M 8,6523,Di,Lagoon Nebula,6,18:03:48,-24.38,90.0,40.0,,,6523,NGC 6523,True,large_dso
NGC6526,Neb,18:04:06.15,-24:26:30.8,Sgr,40.0,40.0,,,,,,NGC,6526,NGC 6526,,,6526,NGC,NGC 6526,NGC 6526,NGC 6526,6526,Nb,,,18:02:36,-22.42,40.0,40.0,,,6526,NGC 6526,True,large_dso
NGC6559,Neb,18:09:56.85,-24:06:23.0,Sgr,15.0,10.0,,,,,,NGC,6559,NGC 6559,,,6559,,,,,,,,,,,,,,,,,,large_dso
NGC6604,OCl,18:18:02.96,-12:14:35.2,Se2,9.6,,6.5,,,,,NGC,6604,NGC 6604,,,6604,NGC,NGC 6604,NGC 6604,NGC 6604,6604,C+N,,6,18:18:06,-11.77,60.0,60.0,,,6604,NGC 6604,True,large_dso
NGC6611,Neb,18:18:48.17,-13:48:26.0,Se2,120.0,25.0,6.0,16,,,Eagle Nebula,M,6611,M 16,,,16,NGC,NGC 6611,NGC 6611,NGC 6611 = M 16,6611,C+N,Eagle nebula,6,18:18:48,-12.22,35.0,35.0,,,6611,NGC 6611,True,large_dso
NGC6618,Neb,18:20:47.11,-16:10:17.5,Sgr,12.6,,7.0,17,,,"Checkmark Nebula,Lobster Nebula,Swan Nebula,omega Nebula",M,6618,M 17,,,17,NGC,NGC 6618,NGC 6618,NGC 6618 = M 17,6618,C+N,M  17,6,18:20:48,-15.82,46.0,46.0,,,6618,NGC 6618,True,large_dso
NGC6633,OCl,18:27:15.23,+06:30:29.6,Oph,12.0,,4.6,,,,,NGC,6633,NGC 6633,,,6633,NGC,NGC 6633,NGC 6633,NGC 6633,6633,OC,,4,18:27:42,6.57,27.0,27.0,,,6633,NGC 6633,True,large_dso
NGC6656,GCl,18:36:24.20,-23:54:12.3,Sgr,12.6,,6.17,22,,,,M,6656,M 22,,,22,Messier,M 022,M 22,M 22,6656,Gc,Sagittarius Cluster,5.1,18:06:24,-23.9,24.0,24.0,,,6656,NGC 6656,True,large_dso
NGC6727,RfN,19:01:42.27,-36:52:34.5,CrA,80.0,80.0,,,,,,NGC,6727,NGC 6727,,,6727,,,,,,,,,,,,,,,,,,large_dso
NGC6729,Neb,19:01:55.40,-36:57:27.5,CrA,25.0,20.0,,,,,,NGC,6729,NGC 6729,,,6729,,,,,,,,,,,,,,,,,,large_dso
NGC6744,G,19:09:46.10,-63:51:27.1,Pav,15.67,9.75,9.25,,,,,NGC,6744,NGC 6744,,,6744,,,,,,,,,,,,,,,,,,large_dso
NGC6752,GCl,19:10:51.78,-59:58:54.7,Pav,13.2,,6.28,,6777,,,NGC,6752,NGC 6752,,,6752,Caldwell,C 093,C 93,C 93,6752,Gc,,5.4,19:10:54,-59.98,20.0,20.0,,,6752,NGC 6752,True,large_dso
NGC6774,OCl,19:16:16.30,-16:15:38.5,Sgr,30.0,,,,,,,NGC,6774,NGC 6774,,,6774,,,,,,,,,,,,,,,,,,large_dso
NGC6809,GCl,19:39:59.40,-30:57:43.5,Sgr,12.0,,6.49,55,,,,M,6809,M 55,,,55,Messier,M 055,M 55,M 55,6809,Gc,,6.3,19:00:00,-30.97,19.0,19.0,,,6809,NGC 6809,True,large_dso
NGC6820,Neb,19:42:28.02,+23:05:17.1,Vul,0.5,0.5,,,,,,NGC,6820,NGC 6820,,,6820,NGC,NGC 6820,NGC 6820,NGC 6820,6820,Nb,,,19:43:06,23.28,40.0,40.0,,,6820,NGC 6820,True,large_dso
NGC6871,OCl,20:05:59.44,+35:46:38.1,Cyg,9.3,,5.2,,,,,NGC,6871,NGC 6871,,,6871,NGC,NGC 6871,NGC 6871,NGC 6871,6871,OC,,5,20:05:54,35.78,20.0,20.0,,,6871,NGC 6871,True,large_dso
NGC6888,HII,20:12:06.55,+38:21:17.8,Cyg,20.0,10.0,,,,,Crescent Nebula,NGC,6888,NGC 6888,,,6888,Caldwell,C 027,C 27,C 27,6888,Bn,Crescent Nebula,7.5,20:12:00,38.35,20.0,10.0,,,6888,NGC 6888,True,large_dso
NGC6940,OCl,20:34:26.69,+28:16:57.8,Vul,10.8,,6.3,,,,,NGC,6940,NGC 6940,,,6940,NGC,NGC 6940,NGC 6940,NGC 6940,6940,OC,,6,20:34:36,28.3,31.0,31.0,,,6940,NGC 6940,True,large_dso
NGC6960,SNR,20:45:58.18,+30:35:42.5,Cyg,210.0,160.0,,,,,"Veil Nebula,Filamentary Nebula,Western Veil",NGC,6960,NGC 6960,,,6960,Caldwell,C 034,C 34,C 34,6960,Sn,West Veil Nebula,-,20:45:42,30.72,70.0,6.0,,,6960,NGC 6960,True,large_dso
NGC6960,SNR,20:45:58.18,+30:35:42.5,Cyg,210.0,160.0,,,,,"Veil Nebula,Filamentary Nebula,Western Veil",NGC,6960,NGC 6960,,,6960,NGC,NGC 6960,NGC 6960,NGC 6960 = C 34,6960,Nb,Filamentary nebula,,20:45:42,30.72,70.0,70.0,,,6960,NGC 6960,True,large_dso
NGC6991,OCl,20:54:52.00,+47:27:42.0,Cyg,23.0,,,,,,,NGC,6991,NGC 6991,,,6991,,,,,,,,,,,,,,,,,,large_dso
NGC6992,SNR,20:56:19.07,+31:44:33.9,Cyg,60.0,8.0,,,,,"Eastern Veil,Network Nebula",NGC,6992,NGC 6992,,,6992,Caldwell,C 033,C 33,C 33,6992,Sn,East Veil Nebula,-,20:56:24,31.72,60.0,8.0,,,6992,NGC 6992,True,large_dso
NGC6992,SNR,20:56:19.07,+31:44:33.9,Cyg,60.0,8.0,,,,,"Eastern Veil,Network Nebula",NGC,6992,NGC 6992,,,6992,NGC,NGC 6992,NGC 6992,NGC 6992 = C 33,6992,Nb,Network nebula,,20:56:24,31.72,60.0,60.0,,,6992,NGC 6992,True,large_dso
NGC7000,HII,20:59:17.14,+44:31:43.6,Cyg,120.0,30.0,,,,,North America Nebula,NGC,7000,NGC 7000,,,7000,Caldwell,C 020,C 20,C 20,7000,Bn,North America Nebula,6,20:58:48,44.33,120.0,100.0,,,7000,NGC 7000,True,large_dso
NGC7023,Neb,21:01:35.62,+68:10:10.4,Cep,10.0,8.0,,,,,Iris Nebula,NGC,7023,NGC 7023,,,7023,Caldwell,C 004,C 4,C 4,7023,Bn,Iris Nebula,6.8,21:01:48,68.2,18.0,18.0,,,7023,NGC 7023,True,large_dso
NGC7039,OCl,21:10:47.80,+45:37:18.5,Cyg,7.8,,7.6,,,,,NGC,7039,NGC 7039,,,7039,NGC,NGC 7039,NGC 7039,NGC 7039,7039,OC,,7,21:11:12,45.65,25.0,25.0,,,7039,NGC 7039,True,large_dso
NGC7082,OCl,21:29:17.74,+47:07:34.6,Cyg,9.0,,7.2,,,,,NGC,7082,NGC 7082,,,7082,NGC,NGC 7082,NGC 7082,NGC 7082,7082,OC,,7,21:29:24,47.08,25.0,25.0,,,7082,NGC 7082,True,large_dso
NGC7092,OCl,21:31:48.32,+48:26:17.4,Cyg,19.5,,4.6,39,,,,M,7092,M 39,,,39,Messier,M 039,M 39,M 39,7092,Oc,,4.6,21:02:12,48.43,32.0,32.0,,,7092,NGC 7092,True,large_dso
NGC7209,OCl,22:05:07.84,+46:29:00.7,Lac,6.0,,7.7,,,,,NGC,7209,NGC 7209,,,7209,NGC,NGC 7209,NGC 7209,NGC 7209,7209,OC,,6,22:05:12,46.5,25.0,25.0,,,7209,NGC 7209,True,large_dso
NGC7243,OCl,22:15:08.58,+49:53:51.0,Lac,15.0,,6.4,,,,,NGC,7243,NGC 7243,,,7243,Caldwell,C 016,C 16,C 16,7243,Oc,,6.4,22:15:18,49.88,21.0,21.0,,,7243,NGC 7243,True,large_dso
NGC7293,PN,22:29:38.57,-20:50:14.4,Aqr,16.33,,7.3,,,,Helix Nebula,NGC,7293,NGC 7293,,,7293,,,,,,,,,,,,,,,,,,large_dso
NGC7380,Cl+N,22:47:21.01,+58:07:56.7,Cep,25.0,20.0,7.2,,,,,NGC,7380,NGC 7380,,,7380,NGC,NGC 7380,NGC 7380,NGC 7380,7380,C+N,,7,22:47:00,58.1,25.0,25.0,,,7380,NGC 7380,True,large_dso
NGC7635,HII,23:20:45.60,+61:12:44.5,Cas,15.0,8.0,,,,,Bubble Nebula,NGC,7635,NGC 7635,,,7635,,,,,,,,,,,,,,,,,,large_dso
NGC7822,HII,00:03:35.35,+67:09:41.9,Cep,20.0,4.0,,,,,,NGC,7822,NGC 7822,,,7822,NGC,NGC 7822,NGC 7822,NGC 7822,7822,Nb,,,00:03:36,68.62,60.0,60.0,,,7822,NGC 7822,True,large_dso
C009,HII,22:57:54.0,+62:31:06,Cep,50.0,30.0,,,,,Cave Nebula,C,009,C 9,,,9,Caldwell,C 009,C 9,C 9,,Bn,Cave Nebula,7.7,22:56:48,62.62,50.0,10.0,,,,,True,large_dso
C014,*Ass,02:20:42.0,+57:08:15,Per,50.0,50.0,,,,,"Double Cluster, h & chi Persei",C,014,C 14,,,14,Caldwell,C 014,C 14,C 14,,Oc,"Double Cluster, h & chi Persei",4.3,02:20:00,57.13,30.0,30.0,,,,,True,large_dso
C041,OCl,04:26:54.0,+15:52:00,Tau,329.0,,,,,,Hyades,C,041,C 41,,,41,Caldwell,C 041,C 41,C 41,,Oc,Hyades,1,04:27:00,16.0,330.0,330.0,,,,,True,large_dso
C099,DrkN,12:31:19.0,-63:44:36,Cru,,,,,,,Coalsack Nebula,C,099,C 99,,,99,Caldwell,C 099,C 99,C 99,,Dn,Coalsack Nebula,-,12:53:00,-63.0,400.0,300.0,,,,,True,large_dso
Cl399,*Ass,19:25:24.0,+20:11:00,Vul,70.0,,3.6,,,,"Brocchi's Cluster, Al Sufi's Cluster, Coathanger Asterism",Cl,399,Cl 399,,,399,,,,,,,,,,,,,,,,,,large_dso
ESO056-115,G,05:23:34.5,-69:45:22,Dor,646.0,550.0,0.29,,,,"Large Magellanic Cloud,Nubecula Major",ESO,056,ESO 56,,,56,,,,,,,,,,,,,,,,,,large_dso
ESO351-030,G,01:00:09.35,-33:42:32.5,Scl,15.26,15.26,8.6,,,,Sculptor Dwarf Elliptical,ESO,351,ESO 351,,,351,,,,,,,,,,,,,,,,,,large_dso
Mel022,OCl,03:47:28.6,+24:06:19,Tau,150.0,150.0,1.2,45,,,Pleiades,M,022,M 45,,,45,Messier,M 045,M 45,M 45,,Oc,Pleiades,1.6,03:07:00,24.12,110.0,110.0,,,,,True,large_dso
Mel111,OCl,12:25:06.0,+26:06:00,Com,253.5,,,,,,Coma Star Cluster,Mel,111,Mel 111,,,111,,,,,,,,,,,,,,,,,,large_dso
,,,,,,,,,,,,,,NTH CS,,,,-,NTH CS,NTH CS,,,Dn,Northern Coalsack,,21:40:00,41.0,300.0,300.0,,,,,True,large_dso
IC4703,Neb,18:18:56.22,-13:50:43.4,Se2,5.05,5.05,6.0,,,,"Eagle Nebula,Star Queen",IC,4703,IC 4703,IC 4703,,4703,,,,,,,,,,,,,,,,,,small_dso
IC5146,Cl+N,21:53:28.76,+47:16:00.9,Cyg,10.0,10.0,7.2,,,,Cocoon Nebula,IC,5146,IC 5146,IC 5146,,5146,,,,,,,,,,,,,,,,,,small_dso
NGC0457,OCl,01:19:32.65,+58:17:26.5,Cas,7.8,,6.4,,,,Owl Cluster,NGC,0457,NGC 457,,,457,,,,,,,,,,,,,,,,,,small_dso
NGC1316,G,03:22:41.72,-37:12:29.6,For,13.46,7.71,8.48,,,,Fornax A,NGC,1316,NGC 1316,,,1316,,,,,,,,,,,,,,,,,,small_dso
NGC1952,SNR,05:34:31.97,+22:00:52.1,Tau,8.0,4.0,8.4,1,,,Crab Nebula,M,1952,M 1,,,1,,,,,,,,,,,,,,,,,,small_dso
NGC1980,Cl+N,05:35:25.99,-05:54:35.6,Ori,9.3,,2.5,,,,Lower Sword,NGC,1980,NGC 1980,,,1980,,,,,,,,,,,,,,,,,,small_dso
NGC2301,OCl,06:51:45.30,+00:27:33.1,Mon,10.8,,6.0,,,,Great Bird Cluster,NGC,2301,NGC 2301,,,2301,,,,,,,,,,,,,,,,,,small_dso
NGC2360,OCl,07:17:43.12,-15:38:28.7,CMa,9.0,,7.2,,,,Caroline's Cluster,NGC,2360,NGC 2360,,,2360,,,,,,,,,,,,,,,,,,small_dso
NGC3034,G,09:55:52.73,+69:40:45.8,UMa,10.99,5.11,8.3,82,,,Cigar Galaxy,M,3034,M 82,,,82,,,,,,,,,,,,,,,,,,small_dso
NGC3115,G,10:05:13.98,-07:43:06.9,Sex,7.1,3.01,9.09,,,,Spindle Galaxy,NGC,3115,NGC 3115,,,3115,,,,,,,,,,,,,,,,,,small_dso
NGC3587,PN,11:14:47.71,+55:01:08.5,UMa,3.58,,9.9,97,,,Owl Nebula,M,3587,M 97,,,97,,,,,,,,,,,,,,,,,,small_dso
NGC3623,G,11:18:55.92,+13:05:32.5,Leo,7.64,1.97,9.32,65,,,Leo Triplet,M,3623,M 65,,,65,,,,,,,,,,,,,,,,,,small_dso
NGC3766,OCl,11:36:14.39,-61:36:18.6,Cen,6.9,,5.3,,,,Pearl Cluster,NGC,3766,NGC 3766,,,3766,,,,,,,,,,,,,,,,,,small_dso
NGC4254,G,12:18:49.60,+14:24:59.4,Com,5.04,4.74,9.84,99,,,"Coma Pinwheel,Virgo Cluster Pinwheel",M,4254,M 99,,,99,,,,,,,,,,,,,,,,,,small_dso
NGC4486,G,12:30:49.42,+12:23:28.0,Vir,7.11,6.67,9.0,87,,,Virgo Galaxy,M,4486,M 87,,,87,,,,,,,,,,,,,,,,,,small_dso
NGC4594,G,12:39:59.43,-11:37:23.0,Vir,8.45,4.91,8.59,104,,,Sombrero Galaxy,M,4594,M 104,,,104,,,,,,,,,,,,,,,,,,small_dso
NGC4609,OCl,12:42:16.83,-62:59:44.7,Cru,5.4,,6.9,,,,Coalsack Cluster,NGC,4609,NGC 4609,,,4609,,,,,,,,,,,,,,,,,,small_dso
NGC4631,G,12:42:08.01,+32:32:29.4,CVn,14.45,2.2,9.24,,,,Whale Galaxy,NGC,4631,NGC 4631,,,4631,,,,,,,,,,,,,,,,,,small_dso
NGC4826,G,12:56:43.64,+21:40:58.7,Com,10.52,5.33,8.52,64,,,"Black Eye Galaxy,Evil Eye Galaxy",M,4826,M 64,,,64,,,,,,,,,,,,,,,,,,small_dso
NGC5055,G,13:15:49.33,+42:01:45.4,CVn,11.83,7.16,8.61,63,,,Sunflower Galaxy,M,5055,M 63,,,63,,,,,,,,,,,,,,,,,,small_dso
NGC5194,G,13:29:52.71,+47:11:42.6,CVn,13.71,11.67,8.36,51,,,Whirlpool Galaxy,M,5194,M 51,,,51,,,,,,,,,,,,,,,,,,small_dso
NGC5236,G,13:37:00.95,-29:51:55.5,Hya,13.61,13.21,7.21,83,,,Southern Pinwheel Galaxy,M,5236,M 83,,,83,,,,,,,,,,,,,,,,,,small_dso
NGC6087,OCl,16:18:50.58,-57:56:04.5,Nor,10.2,,5.4,,,,S Nor Cluster,NGC,6087,NGC 6087,,,6087,,,,,,,,,,,,,,,,,,small_dso
NGC6705,OCl,18:51:05.99,-06:16:12.1,Sct,9.0,,5.8,11,,,"Amas de l'Ecu de Sobieski,Wild Duck Cluster",M,6705,M 11,,,11,,,,,,,,,,,,,,,,,,small_dso
NGC6720,PN,18:53:35.01,+33:01:42.9,Lyr,1.27,,8.8,57,,,Ring Nebula,M,6720,M 57,,,57,,,,,,,,,,,,,,,,,,small_dso
NGC6819,OCl,19:41:18.09,+40:11:12.3,Cyg,6.9,,7.3,,,,Foxhead Cluster,NGC,6819,NGC 6819,,,6819,,,,,,,,,,,,,,,,,,small_dso
NGC6853,PN,19:59:36.38,+22:43:15.7,Vul,6.7,,7.4,27,,,Dumbbell Nebula,M,6853,M 27,,,27,,,,,,,,,,,,,,,,,,small_dso
NGC6946,G,20:34:52.32,+60:09:14.1,Cyg,11.4,10.84,9.05,,,,Fireworks Galaxy,NGC,6946,NGC 6946,,,6946,,,,,,,,,,,,,,,,,,small_dso
ESO356-004,G,02:39:59.33,-34:26:57.1,For,12.88,10.47,7.4,,,,Fornax Dwarf Spheroidal,ESO,356,ESO 356,,,356,,,,,,,,,,,,,,,,,,small_dso
